<?xml version="1.0" encoding="UTF-8" standalone="yes"?>
<addon id="plugin.video.trakttrailers" name="Trakt Trailers" version="1.0.1" provider-name="TGR">
	<requires>
		<import addon="script.module.audrey" />
	</requires>
	<extension point="xbmc.python.pluginsource" library="default.py">
		<provides>video</provides>
	</extension>
	<extension point="xbmc.addon.metadata">
	<news>
[COLOR blue]repo url for this addon[/COLOR]
https://tnt80.github.io/repo
    </news>
		<summary lang="en">Watch trailers from trakt.tv</summary>
		<description>Use Trakt and YouTube to find trailes for movies and tvshows. </description>
		<platform>all</platform>
		<language>en</language>
		<email></email>
	</extension>
</addon>