<?xml version="1.0" encoding="UTF-8" standalone="yes"?>
<addon id="plugin.video.kindertubenl" name="KinderTube NL" version="1.1" provider-name="TGR">
	<requires>
		<import addon="script.module.audrey" />
	</requires>
	<extension point="xbmc.python.pluginsource" library="default.py">
		<provides>video</provides>
	</extension>
	<extension point="xbmc.addon.metadata">
		<summary lang="en">Voor de beste kinderfilmpjes ga je naar www.kindertube.nl</summary>
		<description>YouTube filmpjes voor kinderen van kindertube.nl. Special thanks to the dev. @ptom for the template addon!</description>
		<platform>all</platform>
		<language>en</language>
		<email></email>
	</extension>
</addon>