{
  "sites": [
    {
      "name": "[B]All Uploads [COLOR lime]New to Old[/COLOR][/B]",
      "poster": "special://home/addons/plugin.video.secureteam10/icon.png",
      "fanart": "special://home/addons/plugin.video.secureteam10/fanart.jpg",
      "items": {
        "All Uploads (API)": [
          {
            "site_url": "https://www.googleapis.com/youtube/v3/activities?part=snippet&channelId=UC4F3j3ed_To-M3H2YLLD5vw&maxResults=50&key=AIzaSyCKrVC4PbYLa0S0CmIFj97PdjhwvEcALV4",
            "pattern": "snippet{*}\"title\": \"{%}\",{*}description\": \"{%}\"{*}standard{*}url\": \"https://i.ytimg.com/vi/{%}/sddefault.jpg\"",
            "name": "[B][COLOR lime]{%1}[/COLOR][/B]",
            "url": "https://www.youtube.com/watch?v={%3}",
            "poster": "https://i.ytimg.com/vi/{%3}/sddefault.jpg",
			"fanart": "https://i.ytimg.com/vi/{%3}/sddefault.jpg",
            "plot": "[I][COLOR gold]{%2}[/COLOR][/I]",
            "next_pattern": "\"nextPageToken\": \"{%}\"",
            "next_url": "https://www.googleapis.com/youtube/v3/activities?part=snippet&channelId=UC4F3j3ed_To-M3H2YLLD5vw&maxResults=50&pageToken={%1}&key=AIzaSyCKrVC4PbYLa0S0CmIFj97PdjhwvEcALV4"
          }
        ]
      }
    },
    {
      "name": "[B]New Uploads [COLOR lime]863+ Videos[/COLOR][/B]",
      "poster": "special://home/addons/plugin.video.secureteam10/icon.png",
      "fanart": "special://home/addons/plugin.video.secureteam10/fanart.jpg",
      "items": {
        "New Uploads (API)": [
          {
            "site_url": "https://www.googleapis.com/youtube/v3/playlistItems?part=snippet&maxResults=50&playlistId=PLSFwGHU9R1W15_H1hxoeCiYib8aPuPo7Y&key=AIzaSyCKrVC4PbYLa0S0CmIFj97PdjhwvEcALV4",
            "pattern": "\"snippet\"{*}\"title\": \"{%}\"{*}\"description\": \"{%}\"{*}\"standard\": {{*}\"url\": \"{%}\"{*}\"videoId\": \"{%}\"",
            "name": "[B][COLOR lime]{%1}[/COLOR][/B]",
            "url": "https://www.youtube.com/watch?v={%4}",
            "poster": "{%3}",
			"fanart": "special://home/addons/plugin.video.secureteam10/fanart.jpg",
            "plot": "[I][COLOR gold]{%2}[/COLOR][/I]",
            "next_pattern": "\"nextPageToken\": \"{%}\"",
            "next_url": "https://www.googleapis.com/youtube/v3/playlistItems?part=snippet&maxResults=50&pageToken={%1}&playlistId=PLSFwGHU9R1W15_H1hxoeCiYib8aPuPo7Y&key=AIzaSyCKrVC4PbYLa0S0CmIFj97PdjhwvEcALV4"
          }
        ]
      }
    },
    {
      "name": "[B]The Moon Exposed [COLOR lime]16+ Videos[/COLOR][/B]",
      "poster": "special://home/addons/plugin.video.secureteam10/icon.png",
      "fanart": "special://home/addons/plugin.video.secureteam10/fanart.jpg",
      "items": {
        "The Moon Exposed (API)": [
          {
            "site_url": "https://www.googleapis.com/youtube/v3/playlistItems?part=snippet&maxResults=50&playlistId=PL0EDD0F14144FF38E&key=AIzaSyCKrVC4PbYLa0S0CmIFj97PdjhwvEcALV4",
            "pattern": "\"snippet\"{*}\"title\": \"{%}\"{*}\"description\": \"{%}\"{*}\"standard\": {{*}\"url\": \"{%}\"{*}\"videoId\": \"{%}\"",
            "name": "[B][COLOR lime]{%1}[/COLOR][/B]",
            "url": "https://www.youtube.com/watch?v={%4}",
            "poster": "{%3}",
			"fanart": "special://home/addons/plugin.video.secureteam10/fanart.jpg",
            "plot": "[I][COLOR gold]{%2}[/COLOR][/I]"
          }
        ]
      }
    },
    {
      "name": "[B]Aliens & UFO Sightings! [COLOR lime]49+ Videos[/COLOR][/B]",
      "poster": "special://home/addons/plugin.video.secureteam10/icon.png",
      "fanart": "special://home/addons/plugin.video.secureteam10/fanart.jpg",
      "items": {
        "Aliens & UFO Sightings! (API)": [
          {
            "site_url": "https://www.googleapis.com/youtube/v3/playlistItems?part=snippet&maxResults=50&playlistId=PLSFwGHU9R1W3zJdQH02Ia7vM4NJAT_w-j&key=AIzaSyCKrVC4PbYLa0S0CmIFj97PdjhwvEcALV4",
            "pattern": "\"snippet\"{*}\"title\": \"{%}\"{*}\"description\": \"{%}\"{*}\"standard\": {{*}\"url\": \"{%}\"{*}\"videoId\": \"{%}\"",
            "name": "[B][COLOR lime]{%1}[/COLOR][/B]",
            "url": "https://www.youtube.com/watch?v={%4}",
            "poster": "{%3}",
			"fanart": "special://home/addons/plugin.video.secureteam10/fanart.jpg",
            "plot": "[I][COLOR gold]{%2}[/COLOR][/I]"
          }
        ]
      }
    },
    {
      "name": "[B]Planet Mars Exposed [COLOR lime]14+ Videos[/COLOR][/B]",
      "poster": "special://home/addons/plugin.video.secureteam10/icon.png",
      "fanart": "special://home/addons/plugin.video.secureteam10/fanart.jpg",
      "items": {
        "Planet Mars Exposed (API)": [
          {
            "site_url": "https://www.googleapis.com/youtube/v3/playlistItems?part=snippet&maxResults=50&playlistId=PLSFwGHU9R1W2IKyfbYykvwjvm5lFInlYZ&key=AIzaSyCKrVC4PbYLa0S0CmIFj97PdjhwvEcALV4",
            "pattern": "\"snippet\"{*}\"title\": \"{%}\"{*}\"description\": \"{%}\"{*}\"standard\": {{*}\"url\": \"{%}\"{*}\"videoId\": \"{%}\"",
            "name": "[B][COLOR lime]{%1}[/COLOR][/B]",
            "url": "https://www.youtube.com/watch?v={%4}",
            "poster": "{%3}",
			"fanart": "special://home/addons/plugin.video.secureteam10/fanart.jpg",
            "plot": "[I][COLOR gold]{%2}[/COLOR][/I]"
          }
        ]
      }
    },
    {
      "name": "[B]Secureteam10 Favorites [COLOR lime]7+ Videos[/COLOR][/B]",
      "poster": "special://home/addons/plugin.video.secureteam10/icon.png",
      "fanart": "special://home/addons/plugin.video.secureteam10/fanart.jpg",
      "items": {
        "Planet Mars Exposed (API)": [
          {
            "site_url": "https://www.googleapis.com/youtube/v3/playlistItems?part=snippet&maxResults=50&playlistId=FL4F3j3ed_To-M3H2YLLD5vw&key=AIzaSyCKrVC4PbYLa0S0CmIFj97PdjhwvEcALV4",
            "pattern": "\"snippet\"{*}\"title\": \"{%}\"{*}\"description\": \"{%}\"{*}\"standard\": {{*}\"url\": \"{%}\"{*}\"videoId\": \"{%}\"",
            "name": "[B][COLOR lime]{%1}[/COLOR][/B]",
            "url": "https://www.youtube.com/watch?v={%4}",
            "poster": "{%3}",
			"fanart": "special://home/addons/plugin.video.secureteam10/fanart.jpg",
            "plot": "[I][COLOR gold]{%2}[/COLOR][/I]"
          }
        ]
      }
    }
  ]
}