<?xml version="1.0" encoding="UTF-8" standalone="yes"?>
<addon id="plugin.video.kidstubenl" name="KidsTube NL" version="1.4.1" provider-name="TGR">
	<requires>
		<import addon="script.module.audrey" />
	</requires>
	<extension point="xbmc.python.pluginsource" library="default.py">
		<provides>video</provides>
	</extension>
	<extension point="xbmc.addon.metadata">
		<summary lang="en">Voor de beste kinderfilmpjes ga je naar www.kids-tube.nl</summary>
		<description>Kodi addon met YouTube filmpjes voor kinderen van kids-tube.nl. Special thanks to dev. @ptom for the template addon!</description>
		<platform>all</platform>
		<language>en</language>
		<email></email>
	</extension>
</addon>