<?xml version="1.0" encoding="UTF-8" standalone="yes"?>
<addon id="plugin.video.secureteam" name="SecureTeam" version="1.1.5" provider-name="TGR">
	<requires>
		<import addon="script.module.audrey" />
	</requires>
	<extension point="xbmc.python.pluginsource" library="default.py">
		<provides>video</provides>
	</extension>
	<extension point="xbmc.addon.metadata">
		<summary lang="en">Secureteam youtube channel</summary>
		<description>
Aliens, UFO, and other strange stuff
[COLOR blue]repo url for this addon[/COLOR]
https://tnt80.github.io/repo
	</description>
		<news>
Aliens, UFO, and other strange stuff
[COLOR blue]repo url for this addon[/COLOR]
https://tnt80.github.io/repo
    </news>
		<platform>all</platform>
		<language>en</language>
		<email></email>
	</extension>
</addon>