<?xml version="1.0" encoding="UTF-8" standalone="yes"?>
<addon id="repository.tnt" name="TNT Repository" version="1.0.0" provider-name="TNT">
   <extension point="xbmc.addon.repository" name="TNT Repository">  
        <dir>
           <info compressed="false">https://raw.githubusercontent.com/tnt80/zips/master/addons.xml</info>
           <checksum>https://raw.githubusercontent.com/tnt80/zips/master/addons.xml.md5</checksum>
           <datadir zip="true">https://raw.githubusercontent.com/tnt80/zips/master/</datadir>
        </dir>		
		<dir>
			<info compressed="false">https://raw.githubusercontent.com/jsergio123/zips/master/addons.xml</info>
			<checksum>https://raw.githubusercontent.com/jsergio123/zips/master/addons.xml.md5</checksum>
			<datadir zip="true">https://raw.githubusercontent.com/jsergio123/zips/master/</datadir>
		</dir>		
	</extension>
		<extension point="xbmc.addon.metadata">
			<summary lang="en">TNT repo for Kodi</summary>
			<description lang="en">3th party Kodi plugins for the Dutch Kodi community</description>
			<platform>all</platform>
		<assets>
			<icon>icon.png</icon>
			<fanart>fanart.jpg</fanart>
			<screenshot>resources/screenshot_1.jpg</screenshot>
			<screenshot>resources/screenshot_2.jpg</screenshot>
			<screenshot>resources/screenshot_3.jpg</screenshot>
		</assets>
  </extension>
</addon>