<?xml version="1.0" encoding="UTF-8" standalone="yes"?>
<addon id="plugin.video.kindertubenl" name="KinderTube NL" version="1.2.2" provider-name="TGR">
	<requires>
		<import addon="script.module.audrey" />
	</requires>
	<extension point="xbmc.python.pluginsource" library="default.py">
		<provides>video</provides>
	</extension>
	<extension point="xbmc.addon.metadata">
		<summary lang="en_GB">Addon for the little ones</summary>
		<summary lang="nl_NL">Addon voor de kleintjes</summary>
		<description lang="en_GB">For the best kids videos go to www.kindertube.nl. Special thanks to dev. @ptom for the template addon!</description>
		<description lang="nl_NL">Kodi addon met YouTube filmpjes voor kinderen van kindertube.nl. Special thanks to dev. @ptom for the template addon!</description>
		<platform>all</platform>
		<language>nl</language>
		<website>https://github.com/tnt80/plugin.video.kindertubenl</website>
		<email></email>
		<source>https://github.com/tnt80/plugin.video.kindertubenl</source>
		<news>
[COLOR blue]repo url for this addon[/COLOR]
https://tnt80.github.io/repo
    </news>
	</extension>
</addon>