{
  "sites": [
    {
      "name": "Baby",
      "poster": "special://home/addons/plugin.video.kidstubenl/artwork/baby.png",
      "fanart": "special://home/addons/plugin.video.kidstubenl/fanart.jpg",
      "items": {
        "Baby": [
          {
            "site_url": "http://www.kids-tube.nl/baby-filmpjes",
            "global": "<h2 class=\"blue\">Categorieën</h2>{%}<div class=\"cookiebar\">",
            "pattern": "<a href=\"{%}\">{*}<img src=\"{%}\" alt={*}title={*}<h3>{%}</h3>",
            "name": "{%3}",
            "url": "http://www.kids-tube.nl{%1}",
            "poster": "http://www.kids-tube.nl{%2}",
			"fanart": "http://www.kids-tube.nl{%2}",
            "plot": "Baby filmpjes van http://www.kids-tube.nl (YouTube)"
          },
          {
            "pattern": "<div class=\"video\">{*}<div class=\"image\">{*}<a href=\"{*}\"><img src=\"{%}FillWzc1MCw0MjJd/{%}.jpg\"{*}alt=\"{%}\"></a>",
            "name": "{%3}",
            "url": "https://www.youtube.com/watch?v={%2}",
            "poster": "http://www.kids-tube.nl{%1}FillWzc1MCw0MjJd/{%2}.jpg",
            "fanart": "http://www.kids-tube.nl{%1}FillWzc1MCw0MjJd/{%2}.jpg",
            "plot": "Themafilmpjes van http://www.kids-tube.nl (YouTube)"
          }
        ]
      }
    },
    {
      "name": "Peuter",
      "poster": "special://home/addons/plugin.video.kidstubenl/artwork/peuter.png",
      "fanart": "special://home/addons/plugin.video.kidstubenl/fanart.jpg",
      "items": {
        "Peuter": [
          {
            "site_url": "http://www.kids-tube.nl/peuterfilmpjes",
            "global": "<h2 class=\"blue\">Categorieën</h2>{%}<div class=\"cookiebar\">",
            "pattern": "<a href=\"{%}\">{*}<img src=\"{%}\" alt={*}title={*}<h3>{%}</h3>",
            "name": "{%3}",
            "url": "http://www.kids-tube.nl{%1}",
            "poster": "http://www.kids-tube.nl{%2}",
			"fanart": "http://www.kids-tube.nl{%2}",
            "plot": "Peuter filmpjes van http://www.kids-tube.nl (YouTube)"
          },
          {
            "pattern": "<div class=\"video\">{*}<div class=\"image\">{*}<a href=\"{*}\"><img src=\"{%}FillWzc1MCw0MjJd/{%}.jpg\"{*}alt=\"{%}\"></a>",
            "name": "{%3}",
            "url": "https://www.youtube.com/watch?v={%2}",
            "poster": "http://www.kids-tube.nl{%1}FillWzc1MCw0MjJd/{%2}.jpg",
            "fanart": "http://www.kids-tube.nl{%1}FillWzc1MCw0MjJd/{%2}.jpg",
            "plot": "Themafilmpjes van http://www.kids-tube.nl (YouTube)"
          }
        ]
      }
    },
    {
      "name": "Kleuter",
      "poster": "special://home/addons/plugin.video.kidstubenl/artwork/kleuter.png",
      "fanart": "special://home/addons/plugin.video.kidstubenl/fanart.jpg",
      "items": {
        "Kleuter": [
          {
            "site_url": "http://www.kids-tube.nl/kleuterfilmpjes",
            "global": "<h2 class=\"blue\">Categorieën</h2>{%}<div class=\"cookiebar\">",
            "pattern": "<a href=\"{%}\">{*}<img src=\"{%}\" alt={*}title={*}<h3>{%}</h3>",
            "name": "{%3}",
            "url": "http://www.kids-tube.nl{%1}",
            "poster": "http://www.kids-tube.nl{%2}",
			"fanart": "http://www.kids-tube.nl{%2}",
            "plot": "Kleuter filmpjes van http://www.kids-tube.nl (YouTube)"
          },
          {
            "pattern": "<div class=\"video\">{*}<div class=\"image\">{*}<a href=\"{*}\"><img src=\"{%}FillWzc1MCw0MjJd/{%}.jpg\"{*}alt=\"{%}\"></a>",
            "name": "{%3}",
            "url": "https://www.youtube.com/watch?v={%2}",
            "poster": "http://www.kids-tube.nl{%1}FillWzc1MCw0MjJd/{%2}.jpg",
            "fanart": "http://www.kids-tube.nl{%1}FillWzc1MCw0MjJd/{%2}.jpg",
            "plot": "Themafilmpjes van http://www.kids-tube.nl (YouTube)"
          }
        ]
      }
    },
    {
      "name": "Kids 6+",
      "poster": "special://home/addons/plugin.video.kidstubenl/artwork/kids6+.png",
      "fanart": "special://home/addons/plugin.video.kidstubenl/fanart.jpg",
      "items": {
        "Kids 6+": [
          {
            "site_url": "http://www.kids-tube.nl/kids",
            "global": "<h2 class=\"blue\">Categorieën</h2>{%}<div class=\"cookiebar\">",
            "pattern": "<a href=\"{%}\">{*}<img src=\"{%}\" alt={*}title={*}<h3>{%}</h3>",
            "name": "{%3}",
            "url": "http://www.kids-tube.nl{%1}",
            "poster": "http://www.kids-tube.nl{%2}",
			"fanart": "http://www.kids-tube.nl{%2}",
            "plot": "Kids 6+ filmpjes van http://www.kids-tube.nl (YouTube)"
          },
          {
            "pattern": "<div class=\"video\">{*}<div class=\"image\">{*}<a href=\"{*}\"><img src=\"{%}FillWzc1MCw0MjJd/{%}.jpg\"{*}alt=\"{%}\"></a>",
            "name": "{%3}",
            "url": "https://www.youtube.com/watch?v={%2}",
            "poster": "http://www.kids-tube.nl{%1}FillWzc1MCw0MjJd/{%2}.jpg",
            "fanart": "http://www.kids-tube.nl{%1}FillWzc1MCw0MjJd/{%2}.jpg",
            "plot": "Themafilmpjes van http://www.kids-tube.nl (YouTube)"
          }
        ]
      }
    },
    {
      "name": "Liedjes",
      "poster": "special://home/addons/plugin.video.kidstubenl/artwork/liedjes.png",
      "fanart": "special://home/addons/plugin.video.kidstubenl/fanart.jpg",
      "items": {
        "Liedjes": [
          {
            "site_url": "http://www.kids-tube.nl/kinderliedjes",
            "global": "<h2 class=\"blue\">Categorieën</h2>{%}<div class=\"cookiebar\">",
            "pattern": "<a href=\"{%}\">{*}<img src=\"{%}\" alt={*}title={*}<h3>{%}</h3>",
            "name": "{%3}",
            "url": "http://www.kids-tube.nl{%1}",
            "poster": "http://www.kids-tube.nl{%2}",
			"fanart": "http://www.kids-tube.nl{%2}",
            "plot": "Kinderliedjes van http://www.kids-tube.nl (YouTube)"
          },
          {
            "pattern": "<div class=\"video\">{*}<div class=\"image\">{*}<a href=\"{*}\"><img src=\"{%}FillWzc1MCw0MjJd/{%}.jpg\"{*}alt=\"{%}\"></a>",
            "name": "{%3}",
            "url": "https://www.youtube.com/watch?v={%2}",
            "poster": "http://www.kids-tube.nl{%1}FillWzc1MCw0MjJd/{%2}.jpg",
            "fanart": "http://www.kids-tube.nl{%1}FillWzc1MCw0MjJd/{%2}.jpg",
            "plot": "Themafilmpjes van http://www.kids-tube.nl (YouTube)"
          }
        ]
      }
    },
    {
      "name": "Films",
      "poster": "special://home/addons/plugin.video.kidstubenl/artwork/films.png",
      "fanart": "special://home/addons/plugin.video.kidstubenl/fanart.jpg",
      "items": {
        "Films": [
          {
            "site_url": "http://www.kids-tube.nl/kinderfilms",
            "global": "<h2 class=\"blue\">Categorieën</h2>{%}<div class=\"cookiebar\">",
            "pattern": "<a href=\"{%}\">{*}<img src=\"{%}\" alt={*}title={*}<h3>{%}</h3>",
            "name": "{%3}",
            "url": "http://www.kids-tube.nl{%1}",
            "poster": "http://www.kids-tube.nl{%2}",
			"fanart": "http://www.kids-tube.nl{%2}",
            "plot": "Kinderfilms van http://www.kids-tube.nl (YouTube)"
          },
          {
            "pattern": "<div class=\"video\">{*}<div class=\"image\">{*}<a href=\"{*}\"><img src=\"{%}FillWzc1MCw0MjJd/{%}.jpg\"{*}alt=\"{%}\"></a>",
            "name": "{%3}",
            "url": "https://www.youtube.com/watch?v={%2}",
            "poster": "http://www.kids-tube.nl{%1}FillWzc1MCw0MjJd/{%2}.jpg",
            "fanart": "http://www.kids-tube.nl{%1}FillWzc1MCw0MjJd/{%2}.jpg",
            "plot": "Themafilmpjes van http://www.kids-tube.nl (YouTube)"
          }
        ]
      }
    },
    {
      "name": "Thema's",
      "poster": "special://home/addons/plugin.video.kidstubenl/artwork/thema's.png",
      "fanart": "special://home/addons/plugin.video.kidstubenl/fanart.jpg",
      "items": {
        "Thema's": [
          {
            "site_url": "http://www.kids-tube.nl/thema-filmpjes-kinderen",
            "global": "<h2 class=\"blue\">Categorieën</h2>{%}<div class=\"cookiebar\">",
            "pattern": "<a href=\"{%}\">{*}<img src=\"{%}\" alt={*}title={*}<h3>{%}</h3>",
            "name": "{%3}",
            "url": "http://www.kids-tube.nl{%1}",
            "poster": "http://www.kids-tube.nl{%2}",
			"fanart": "http://www.kids-tube.nl{%2}",
            "plot": "Themafilmpjes van http://www.kids-tube.nl (YouTube)"
          },
          {
            "pattern": "<div class=\"video\">{*}<div class=\"image\">{*}<a href=\"{*}\"><img src=\"{%}FillWzc1MCw0MjJd/{%}.jpg\"{*}alt=\"{%}\"></a>",
            "name": "{%3}",
            "url": "https://www.youtube.com/watch?v={%2}",
            "poster": "http://www.kids-tube.nl{%1}FillWzc1MCw0MjJd/{%2}.jpg",
            "fanart": "http://www.kids-tube.nl{%1}FillWzc1MCw0MjJd/{%2}.jpg",
            "plot": "Themafilmpjes van http://www.kids-tube.nl (YouTube)"
			}
        ]
      }
    },
    {
      "name": "A-Z",
      "poster": "special://home/addons/plugin.video.kidstubenl/artwork/az.png",
      "fanart": "special://home/addons/plugin.video.kidstubenl/fanart.jpg",
      "items": {
        "A-Z": [
          {
            "site_url": "http://www.kids-tube.nl/a-z",
            "pattern": "<div class=\"category\">{*}<div class=\"image\">{*}<a href=\"{%}\">{*}<img src=\"{%}\"/{*}<h3>{%}</h3>",
            "name": "{%3}",
            "url": "http://www.kids-tube.nl{%1}",
            "poster": "http://www.kids-tube.nl{%2}",
			"fanart": "http://www.kids-tube.nl{%2}",
            "plot": "A-Z lijst van http://www.kids-tube.nl (YouTube)"
          },
          {
            "pattern": "<div class=\"video\">{*}<div class=\"image\">{*}<a href=\"{*}\"><img src=\"{%}FillWzc1MCw0MjJd/{%}.jpg\"{*}alt=\"{%}\"></a>",
            "name": "{%3}",
            "url": "https://www.youtube.com/watch?v={%2}",
            "poster": "http://www.kids-tube.nl{%1}FillWzc1MCw0MjJd/{%2}.jpg",
            "fanart": "http://www.kids-tube.nl{%1}FillWzc1MCw0MjJd/{%2}.jpg",
            "plot": "Themafilmpjes van http://www.kids-tube.nl (YouTube)"
          }
        ]
      }
    }
  ]
}